taz_p,rg_proposed
1,Core Cities
2,Core Cities
3,Rural
4,Cities and Towns
5,Cities and Towns
6,Cities and Towns
7,Cities and Towns
8,Rural
9,Cities and Towns
10,Urban Unincorporated
11,Cities and Towns
12,Cities and Towns
13,Cities and Towns
14,Cities and Towns
15,Cities and Towns
16,Rural
17,Rural
18,Rural
19,Rural
20,Urban Unincorporated
21,Urban Unincorporated
22,Urban Unincorporated
23,Cities and Towns
24,Cities and Towns
25,Cities and Towns
26,Cities and Towns
27,Cities and Towns
28,Cities and Towns
29,Cities and Towns
30,Cities and Towns
31,Cities and Towns
32,Cities and Towns
33,Cities and Towns
34,Cities and Towns
35,Cities and Towns
36,Cities and Towns
37,Cities and Towns
38,Cities and Towns
39,Cities and Towns
40,Rural
41,HCT Communities
42,HCT Communities
43,HCT Communities
44,HCT Communities
45,HCT Communities
46,Cities and Towns
47,Cities and Towns
48,Cities and Towns
49,Cities and Towns
50,Cities and Towns
51,Cities and Towns
52,Cities and Towns
53,Cities and Towns
54,Cities and Towns
55,Cities and Towns
56,Cities and Towns
57,Cities and Towns
58,Cities and Towns
59,Cities and Towns
60,Cities and Towns
61,HCT Communities
62,HCT Communities
63,HCT Communities
64,HCT Communities
65,HCT Communities
66,HCT Communities
67,Urban Unincorporated
68,HCT Communities
69,Cities and Towns
70,HCT Communities
71,HCT Communities
72,HCT Communities
73,HCT Communities
74,HCT Communities
75,HCT Communities
76,HCT Communities
77,HCT Communities
78,HCT Communities
79,HCT Communities
80,HCT Communities
81,Cities and Towns
82,Cities and Towns
83,Cities and Towns
84,Cities and Towns
85,Cities and Towns
86,Cities and Towns
87,Urban Unincorporated
88,Rural
89,Cities and Towns
90,Cities and Towns
91,Cities and Towns
92,Cities and Towns
93,Cities and Towns
94,Cities and Towns
95,Cities and Towns
96,Cities and Towns
97,Cities and Towns
98,Cities and Towns
99,Cities and Towns
100,Cities and Towns
101,Cities and Towns
102,Cities and Towns
103,Cities and Towns
104,Cities and Towns
105,Cities and Towns
106,Cities and Towns
107,Urban Unincorporated
108,Core Cities
109,Core Cities
110,Core Cities
111,Core Cities
112,Core Cities
113,Core Cities
114,Core Cities
115,Core Cities
116,Core Cities
117,Core Cities
118,Core Cities
119,Core Cities
120,Core Cities
121,Core Cities
122,Core Cities
123,Metropolitan Cities
124,Core Cities
125,Core Cities
126,Core Cities
127,Core Cities
128,Core Cities
129,Core Cities
130,Core Cities
131,Core Cities
132,Core Cities
133,Core Cities
134,Core Cities
135,Core Cities
136,Core Cities
137,Core Cities
138,Core Cities
139,Core Cities
140,Core Cities
141,Core Cities
142,Core Cities
143,Core Cities
144,Core Cities
145,Core Cities
146,Core Cities
147,Core Cities
148,Core Cities
149,Core Cities
150,Core Cities
151,Core Cities
152,Core Cities
153,Core Cities
154,Core Cities
155,Core Cities
156,Core Cities
157,Core Cities
158,Core Cities
159,Core Cities
160,Core Cities
161,Core Cities
162,Core Cities
163,Core Cities
164,Core Cities
165,Core Cities
166,Core Cities
167,Core Cities
168,Core Cities
169,Core Cities
170,Core Cities
171,Core Cities
172,Core Cities
173,Core Cities
174,Core Cities
175,Core Cities
176,Core Cities
177,Core Cities
178,Core Cities
179,Core Cities
180,Core Cities
181,Core Cities
182,Cities and Towns
183,Cities and Towns
184,Cities and Towns
185,Cities and Towns
186,Cities and Towns
187,Cities and Towns
188,Cities and Towns
189,Cities and Towns
190,Cities and Towns
191,Rural
192,Rural
193,Cities and Towns
194,Cities and Towns
195,Cities and Towns
196,Cities and Towns
197,Cities and Towns
198,Cities and Towns
199,Cities and Towns
200,Cities and Towns
201,Cities and Towns
202,Core Cities
203,Core Cities
204,Urban Unincorporated
205,Core Cities
206,Core Cities
207,Core Cities
208,Core Cities
209,Core Cities
210,Core Cities
211,Core Cities
212,Core Cities
213,Core Cities
214,Core Cities
215,Core Cities
216,Core Cities
217,Core Cities
218,Core Cities
219,Core Cities
220,Core Cities
221,Core Cities
222,Core Cities
223,Core Cities
224,Core Cities
225,Core Cities
226,Core Cities
227,Core Cities
228,Core Cities
229,Core Cities
230,Core Cities
231,Core Cities
232,Urban Unincorporated
233,Rural
234,Rural
235,Core Cities
236,Core Cities
237,Core Cities
238,Core Cities
239,Core Cities
240,Core Cities
241,Core Cities
242,Core Cities
243,Core Cities
244,Core Cities
245,Core Cities
246,Core Cities
247,Core Cities
248,Core Cities
249,Core Cities
250,Core Cities
251,Core Cities
252,Core Cities
253,Core Cities
254,Rural
255,Core Cities
256,Core Cities
257,Core Cities
258,Core Cities
259,Core Cities
260,Core Cities
261,Core Cities
262,Core Cities
263,Core Cities
264,Core Cities
265,Core Cities
266,Core Cities
267,Core Cities
268,Core Cities
269,Core Cities
270,Core Cities
271,Core Cities
272,Core Cities
273,Core Cities
274,Core Cities
275,Core Cities
276,Core Cities
277,Core Cities
278,Core Cities
279,Urban Unincorporated
280,Urban Unincorporated
281,Urban Unincorporated
282,Core Cities
283,Core Cities
284,Core Cities
285,Core Cities
286,Core Cities
287,Core Cities
288,Core Cities
289,Cities and Towns
290,Rural
291,Cities and Towns
292,Cities and Towns
293,Cities and Towns
294,Cities and Towns
295,Cities and Towns
296,Urban Unincorporated
297,Cities and Towns
298,Cities and Towns
299,Cities and Towns
300,HCT Communities
301,Core Cities
302,HCT Communities
303,HCT Communities
304,HCT Communities
305,HCT Communities
306,HCT Communities
307,HCT Communities
308,HCT Communities
309,HCT Communities
310,HCT Communities
311,HCT Communities
312,HCT Communities
313,HCT Communities
314,Rural
315,HCT Communities
316,HCT Communities
317,HCT Communities
318,HCT Communities
319,HCT Communities
320,Rural
321,Rural
322,Metropolitan Cities
323,Metropolitan Cities
324,Metropolitan Cities
325,Metropolitan Cities
326,Metropolitan Cities
327,Metropolitan Cities
328,Metropolitan Cities
329,Metropolitan Cities
330,Metropolitan Cities
331,Metropolitan Cities
332,Metropolitan Cities
333,Metropolitan Cities
334,Metropolitan Cities
335,Metropolitan Cities
336,Metropolitan Cities
337,Metropolitan Cities
338,Metropolitan Cities
339,Metropolitan Cities
340,Metropolitan Cities
341,Metropolitan Cities
342,Metropolitan Cities
343,Metropolitan Cities
344,Metropolitan Cities
345,Metropolitan Cities
346,Metropolitan Cities
347,Metropolitan Cities
348,Metropolitan Cities
349,Metropolitan Cities
350,Metropolitan Cities
351,Metropolitan Cities
352,Metropolitan Cities
353,Metropolitan Cities
354,Metropolitan Cities
355,Metropolitan Cities
356,Metropolitan Cities
357,Metropolitan Cities
358,Metropolitan Cities
359,Metropolitan Cities
360,Metropolitan Cities
361,Metropolitan Cities
362,Metropolitan Cities
363,Metropolitan Cities
364,Metropolitan Cities
365,Metropolitan Cities
366,Metropolitan Cities
367,Metropolitan Cities
368,Metropolitan Cities
369,Metropolitan Cities
370,Metropolitan Cities
371,Metropolitan Cities
372,Metropolitan Cities
373,Metropolitan Cities
374,Metropolitan Cities
375,Metropolitan Cities
376,Metropolitan Cities
377,Metropolitan Cities
378,Metropolitan Cities
379,Metropolitan Cities
380,Metropolitan Cities
381,Metropolitan Cities
382,Metropolitan Cities
383,Metropolitan Cities
384,Metropolitan Cities
385,Metropolitan Cities
386,Metropolitan Cities
387,Metropolitan Cities
388,Metropolitan Cities
389,Metropolitan Cities
390,Metropolitan Cities
391,Metropolitan Cities
392,Metropolitan Cities
393,Metropolitan Cities
394,Metropolitan Cities
395,Metropolitan Cities
396,Metropolitan Cities
397,Metropolitan Cities
398,Metropolitan Cities
399,Metropolitan Cities
400,Metropolitan Cities
401,Metropolitan Cities
402,Metropolitan Cities
403,Metropolitan Cities
404,Metropolitan Cities
405,Metropolitan Cities
406,Metropolitan Cities
407,Metropolitan Cities
408,Metropolitan Cities
409,Metropolitan Cities
410,Metropolitan Cities
411,Metropolitan Cities
412,Metropolitan Cities
413,Metropolitan Cities
414,Metropolitan Cities
415,Metropolitan Cities
416,Metropolitan Cities
417,Metropolitan Cities
418,Metropolitan Cities
419,Metropolitan Cities
420,Metropolitan Cities
421,Metropolitan Cities
422,Metropolitan Cities
423,Metropolitan Cities
424,Metropolitan Cities
425,Metropolitan Cities
426,Metropolitan Cities
427,Metropolitan Cities
428,Metropolitan Cities
429,Metropolitan Cities
430,Metropolitan Cities
431,Metropolitan Cities
432,Metropolitan Cities
433,Metropolitan Cities
434,Metropolitan Cities
435,Metropolitan Cities
436,Metropolitan Cities
437,Metropolitan Cities
438,Metropolitan Cities
439,Metropolitan Cities
440,Metropolitan Cities
441,Metropolitan Cities
442,Metropolitan Cities
443,Metropolitan Cities
444,Metropolitan Cities
445,Metropolitan Cities
446,Metropolitan Cities
447,Metropolitan Cities
448,Metropolitan Cities
449,Metropolitan Cities
450,Metropolitan Cities
451,Metropolitan Cities
452,Metropolitan Cities
453,Metropolitan Cities
454,Metropolitan Cities
455,Metropolitan Cities
456,Metropolitan Cities
457,Metropolitan Cities
458,Metropolitan Cities
459,Metropolitan Cities
460,Metropolitan Cities
461,Metropolitan Cities
462,Metropolitan Cities
463,Metropolitan Cities
464,Metropolitan Cities
465,Metropolitan Cities
466,Metropolitan Cities
467,Metropolitan Cities
468,Metropolitan Cities
469,Metropolitan Cities
470,Metropolitan Cities
471,Metropolitan Cities
472,Metropolitan Cities
473,Metropolitan Cities
474,Metropolitan Cities
475,Metropolitan Cities
476,Metropolitan Cities
477,Metropolitan Cities
478,Metropolitan Cities
479,Metropolitan Cities
480,Metropolitan Cities
481,Metropolitan Cities
482,Metropolitan Cities
483,Metropolitan Cities
484,Metropolitan Cities
485,Metropolitan Cities
486,Metropolitan Cities
487,Metropolitan Cities
488,Metropolitan Cities
489,Metropolitan Cities
490,Metropolitan Cities
491,Metropolitan Cities
492,Metropolitan Cities
493,Metropolitan Cities
494,Metropolitan Cities
495,Metropolitan Cities
496,Metropolitan Cities
497,Metropolitan Cities
498,Metropolitan Cities
499,Metropolitan Cities
500,Metropolitan Cities
501,Metropolitan Cities
502,Metropolitan Cities
503,Metropolitan Cities
504,Metropolitan Cities
505,Metropolitan Cities
506,Metropolitan Cities
507,Metropolitan Cities
508,Metropolitan Cities
509,Metropolitan Cities
510,Metropolitan Cities
511,Metropolitan Cities
512,Metropolitan Cities
513,Metropolitan Cities
514,Metropolitan Cities
515,Metropolitan Cities
516,Metropolitan Cities
517,Metropolitan Cities
518,Metropolitan Cities
519,Metropolitan Cities
520,Metropolitan Cities
521,Metropolitan Cities
522,Metropolitan Cities
523,Core Cities
524,Metropolitan Cities
525,Metropolitan Cities
526,Metropolitan Cities
527,Metropolitan Cities
528,Metropolitan Cities
529,Metropolitan Cities
530,Metropolitan Cities
531,Metropolitan Cities
532,Metropolitan Cities
533,Metropolitan Cities
534,Metropolitan Cities
535,Metropolitan Cities
536,Metropolitan Cities
537,Metropolitan Cities
538,Metropolitan Cities
539,Metropolitan Cities
540,Metropolitan Cities
541,Core Cities
542,Metropolitan Cities
543,Metropolitan Cities
544,Metropolitan Cities
545,Metropolitan Cities
546,Metropolitan Cities
547,Metropolitan Cities
548,Metropolitan Cities
549,Core Cities
550,Core Cities
551,Core Cities
552,Metropolitan Cities
553,Metropolitan Cities
554,HCT Communities
555,Metropolitan Cities
556,HCT Communities
557,Metropolitan Cities
558,Metropolitan Cities
559,Metropolitan Cities
560,Metropolitan Cities
561,Metropolitan Cities
562,Metropolitan Cities
563,Metropolitan Cities
564,Metropolitan Cities
565,Metropolitan Cities
566,Metropolitan Cities
567,Metropolitan Cities
568,Metropolitan Cities
569,Metropolitan Cities
570,Metropolitan Cities
571,Metropolitan Cities
572,Metropolitan Cities
573,Metropolitan Cities
574,Metropolitan Cities
575,Metropolitan Cities
576,HCT Communities
577,HCT Communities
578,Rural
579,Metropolitan Cities
580,Metropolitan Cities
581,Metropolitan Cities
582,Metropolitan Cities
583,Metropolitan Cities
584,Metropolitan Cities
585,Metropolitan Cities
586,Metropolitan Cities
587,Metropolitan Cities
588,Metropolitan Cities
589,Metropolitan Cities
590,Metropolitan Cities
591,Metropolitan Cities
592,Metropolitan Cities
593,Metropolitan Cities
594,Metropolitan Cities
595,Metropolitan Cities
596,Metropolitan Cities
597,Metropolitan Cities
598,Metropolitan Cities
599,Metropolitan Cities
600,Metropolitan Cities
601,Metropolitan Cities
602,Metropolitan Cities
603,Metropolitan Cities
604,Metropolitan Cities
605,Metropolitan Cities
606,Metropolitan Cities
607,Metropolitan Cities
608,Metropolitan Cities
609,Metropolitan Cities
610,Metropolitan Cities
611,Metropolitan Cities
612,Metropolitan Cities
613,Metropolitan Cities
614,Metropolitan Cities
615,Metropolitan Cities
616,Metropolitan Cities
617,Metropolitan Cities
618,Metropolitan Cities
619,Metropolitan Cities
620,Metropolitan Cities
621,Metropolitan Cities
622,Metropolitan Cities
623,Metropolitan Cities
624,HCT Communities
625,HCT Communities
626,Core Cities
627,Core Cities
628,Core Cities
629,Core Cities
630,Core Cities
631,Core Cities
632,Core Cities
633,Core Cities
634,Core Cities
635,Core Cities
636,Core Cities
637,Core Cities
638,Core Cities
639,Core Cities
640,Core Cities
641,Core Cities
642,Core Cities
643,Core Cities
644,Core Cities
645,Rural
646,Core Cities
647,Core Cities
648,Core Cities
649,Core Cities
650,Core Cities
651,Core Cities
652,Core Cities
653,Core Cities
654,Rural
655,HCT Communities
656,Rural
657,Rural
658,Rural
659,Rural
660,Rural
661,Rural
662,Rural
663,Rural
664,Rural
665,Rural
666,Rural
667,Rural
668,Rural
669,Rural
670,Rural
671,Core Cities
672,Core Cities
673,Rural
674,Rural
675,Rural
676,Rural
677,Rural
678,Rural
679,Rural
680,Rural
681,Rural
682,Rural
683,Rural
684,Rural
685,Rural
686,Rural
687,Cities and Towns
688,Rural
689,Rural
690,Cities and Towns
691,Rural
692,Rural
693,Rural
694,Rural
695,Rural
696,Rural
697,Rural
698,Rural
699,Rural
700,Cities and Towns
701,Rural
702,Rural
703,Rural
704,Rural
705,Rural
706,Urban Unincorporated
707,Urban Unincorporated
708,Urban Unincorporated
709,Rural
710,Rural
711,Rural
712,Urban Unincorporated
713,Rural
714,Cities and Towns
715,Rural
716,Urban Unincorporated
717,Rural
718,Rural
719,Rural
720,Rural
721,Rural
722,Rural
723,Rural
724,Rural
725,Rural
726,Cities and Towns
727,Rural
728,Rural
729,Rural
730,Rural
731,Rural
732,Rural
733,Rural
734,Rural
735,Rural
736,Rural
737,Rural
738,Rural
739,Rural
740,Rural
741,Rural
742,Rural
743,Rural
744,Rural
745,Urban Unincorporated
746,Rural
747,Rural
748,Urban Unincorporated
749,Urban Unincorporated
750,Rural
751,Rural
752,Urban Unincorporated
753,Rural
754,Rural
755,Rural
756,Rural
757,Rural
758,Rural
759,Rural
760,Rural
761,Rural
762,Rural
763,Rural
764,Rural
765,Rural
766,Rural
767,Rural
768,Rural
769,Rural
770,Rural
771,Rural
772,Rural
773,Rural
774,Rural
775,Rural
776,Rural
777,Rural
778,Rural
779,Rural
780,Rural
781,Rural
782,Rural
783,Rural
784,Rural
785,Rural
786,Rural
787,Rural
788,Rural
789,Rural
790,Rural
791,Rural
792,Rural
793,Rural
794,Rural
795,Rural
796,Cities and Towns
797,Rural
798,Rural
799,Rural
800,Rural
801,Rural
802,Rural
803,Rural
804,Rural
805,Rural
806,Rural
807,Rural
808,Rural
809,Rural
810,Rural
811,Rural
812,Rural
813,Rural
814,Rural
815,Rural
816,Rural
817,Rural
818,Rural
819,Rural
820,Rural
821,Rural
822,Rural
823,Rural
824,Rural
825,Rural
826,Rural
827,Rural
828,Rural
829,Rural
830,Rural
831,Rural
832,Rural
833,Rural
834,Rural
835,Rural
836,Rural
837,Rural
838,HCT Communities
839,HCT Communities
840,HCT Communities
841,HCT Communities
842,Rural
843,Rural
844,Rural
845,Rural
846,Rural
847,Rural
848,Rural
849,Rural
850,Rural
851,Rural
852,Rural
853,Rural
854,Rural
855,Rural
856,Rural
857,Rural
858,Rural
859,Rural
860,Rural
861,Rural
862,Rural
863,Rural
864,HCT Communities
865,HCT Communities
866,HCT Communities
867,Rural
868,Rural
869,Rural
870,Rural
871,Rural
872,Rural
873,Rural
874,Rural
875,Rural
876,Rural
877,Rural
878,Rural
879,Rural
880,Rural
881,Rural
882,Rural
883,Rural
884,Rural
885,Rural
886,Rural
887,Rural
888,Rural
889,Rural
890,Rural
891,Cities and Towns
892,Rural
893,Rural
894,Rural
895,Rural
896,Rural
897,Rural
898,Rural
899,Rural
900,Rural
901,Rural
902,Rural
903,Rural
904,Rural
905,Rural
906,Rural
907,Rural
908,Rural
909,Rural
910,Rural
911,Rural
912,Rural
913,Rural
914,Rural
915,Rural
916,Rural
917,Rural
918,Rural
919,Rural
920,Rural
921,Rural
922,Rural
923,Rural
924,Rural
925,Rural
926,Rural
927,Rural
928,Rural
929,Rural
930,Rural
931,Rural
932,Rural
933,Rural
934,Rural
935,Rural
936,Rural
937,Rural
938,Rural
939,Rural
940,Rural
941,Cities and Towns
942,Rural
943,Rural
944,Rural
945,Rural
946,Rural
947,Rural
948,Rural
949,Rural
950,Rural
951,Urban Unincorporated
952,Rural
953,Rural
954,Rural
955,Rural
956,Rural
957,Rural
958,Rural
959,Rural
960,Rural
961,Rural
962,Rural
963,Rural
964,Rural
965,Rural
966,Rural
967,Rural
968,Rural
969,Rural
970,Rural
971,Rural
972,Rural
973,Rural
974,Rural
975,Rural
976,Rural
977,Rural
978,Rural
979,Urban Unincorporated
980,Urban Unincorporated
981,Urban Unincorporated
982,Urban Unincorporated
983,Urban Unincorporated
984,Urban Unincorporated
985,Urban Unincorporated
986,Urban Unincorporated
987,Urban Unincorporated
988,HCT Communities
989,Urban Unincorporated
990,Urban Unincorporated
991,Urban Unincorporated
992,Urban Unincorporated
993,Urban Unincorporated
994,Urban Unincorporated
995,Urban Unincorporated
996,Urban Unincorporated
997,Urban Unincorporated
998,Urban Unincorporated
999,Urban Unincorporated
1000,Urban Unincorporated
1001,Urban Unincorporated
1002,Urban Unincorporated
1003,Urban Unincorporated
1004,Urban Unincorporated
1005,Urban Unincorporated
1006,Urban Unincorporated
1007,Urban Unincorporated
1008,Urban Unincorporated
1009,Urban Unincorporated
1010,Urban Unincorporated
1011,Urban Unincorporated
1012,Urban Unincorporated
1013,Urban Unincorporated
1014,Urban Unincorporated
1015,Urban Unincorporated
1016,Urban Unincorporated
1017,Urban Unincorporated
1018,Urban Unincorporated
1019,Urban Unincorporated
1020,Urban Unincorporated
1021,Urban Unincorporated
1022,Urban Unincorporated
1023,Urban Unincorporated
1024,Urban Unincorporated
1025,Urban Unincorporated
1026,Urban Unincorporated
1027,Urban Unincorporated
1028,Urban Unincorporated
1029,Urban Unincorporated
1030,Urban Unincorporated
1031,Urban Unincorporated
1032,Urban Unincorporated
1033,Urban Unincorporated
1034,Urban Unincorporated
1035,Urban Unincorporated
1036,Urban Unincorporated
1037,Cities and Towns
1038,Cities and Towns
1039,Cities and Towns
1040,Cities and Towns
1041,Cities and Towns
1042,Cities and Towns
1043,Cities and Towns
1044,Rural
1045,Rural
1046,Rural
1047,Rural
1048,Rural
1049,Rural
1050,Rural
1051,Rural
1052,Rural
1053,Rural
1054,Rural
1055,Rural
1056,Rural
1057,Rural
1058,Rural
1059,Rural
1060,Rural
1061,Urban Unincorporated
1062,Urban Unincorporated
1063,Urban Unincorporated
1064,Urban Unincorporated
1065,Urban Unincorporated
1066,Rural
1067,Rural
1068,Urban Unincorporated
1069,Urban Unincorporated
1070,Cities and Towns
1071,Cities and Towns
1072,Rural
1073,Cities and Towns
1074,Urban Unincorporated
1075,Urban Unincorporated
1076,Urban Unincorporated
1077,Urban Unincorporated
1078,Cities and Towns
1079,Cities and Towns
1080,Cities and Towns
1081,Urban Unincorporated
1082,HCT Communities
1083,HCT Communities
1084,Metropolitan Cities
1085,Urban Unincorporated
1086,Urban Unincorporated
1087,Core Cities
1088,Rural
1089,Urban Unincorporated
1090,Urban Unincorporated
1091,Urban Unincorporated
1092,Urban Unincorporated
1093,Core Cities
1094,Urban Unincorporated
1095,Urban Unincorporated
1096,Urban Unincorporated
1097,Urban Unincorporated
1098,HCT Communities
1099,HCT Communities
1100,HCT Communities
1101,HCT Communities
1102,HCT Communities
1103,HCT Communities
1104,HCT Communities
1105,HCT Communities
1106,HCT Communities
1107,HCT Communities
1108,HCT Communities
1109,HCT Communities
1110,HCT Communities
1111,HCT Communities
1112,Rural
1113,Rural
1114,Rural
1115,Urban Unincorporated
1116,Urban Unincorporated
1117,Urban Unincorporated
1118,Urban Unincorporated
1119,Urban Unincorporated
1120,Cities and Towns
1121,Cities and Towns
1122,Cities and Towns
1123,Urban Unincorporated
1124,Urban Unincorporated
1125,Urban Unincorporated
1126,Urban Unincorporated
1127,Urban Unincorporated
1128,Urban Unincorporated
1129,Rural
1130,Rural
1131,Rural
1132,Urban Unincorporated
1133,Urban Unincorporated
1134,Urban Unincorporated
1135,Urban Unincorporated
1136,Rural
1137,HCT Communities
1138,HCT Communities
1139,HCT Communities
1140,HCT Communities
1141,HCT Communities
1142,HCT Communities
1143,Rural
1144,HCT Communities
1145,HCT Communities
1146,HCT Communities
1147,HCT Communities
1148,HCT Communities
1149,HCT Communities
1150,HCT Communities
1151,HCT Communities
1152,HCT Communities
1153,HCT Communities
1154,HCT Communities
1155,HCT Communities
1156,HCT Communities
1157,HCT Communities
1158,HCT Communities
1159,HCT Communities
1160,HCT Communities
1161,HCT Communities
1162,HCT Communities
1163,HCT Communities
1164,HCT Communities
1165,HCT Communities
1166,HCT Communities
1167,HCT Communities
1168,HCT Communities
1169,HCT Communities
1170,HCT Communities
1171,HCT Communities
1172,HCT Communities
1173,HCT Communities
1174,HCT Communities
1175,HCT Communities
1176,HCT Communities
1177,HCT Communities
1178,Core Cities
1179,Urban Unincorporated
1180,HCT Communities
1181,HCT Communities
1182,HCT Communities
1183,HCT Communities
1184,HCT Communities
1185,HCT Communities
1186,HCT Communities
1187,HCT Communities
1188,HCT Communities
1189,HCT Communities
1190,HCT Communities
1191,HCT Communities
1192,HCT Communities
1193,HCT Communities
1194,HCT Communities
1195,HCT Communities
1196,HCT Communities
1197,HCT Communities
1198,HCT Communities
1199,HCT Communities
1200,HCT Communities
1201,HCT Communities
1202,HCT Communities
1203,HCT Communities
1204,HCT Communities
1205,HCT Communities
1206,HCT Communities
1207,HCT Communities
1208,HCT Communities
1209,HCT Communities
1210,HCT Communities
1211,HCT Communities
1212,HCT Communities
1213,HCT Communities
1214,HCT Communities
1215,HCT Communities
1216,Rural
1217,Rural
1218,Rural
1219,Rural
1220,Rural
1221,Urban Unincorporated
1222,Urban Unincorporated
1223,Urban Unincorporated
1224,Urban Unincorporated
1225,Urban Unincorporated
1226,Urban Unincorporated
1227,Urban Unincorporated
1228,Urban Unincorporated
1229,Urban Unincorporated
1230,Urban Unincorporated
1231,Urban Unincorporated
1232,Urban Unincorporated
1233,Urban Unincorporated
1234,Urban Unincorporated
1235,Urban Unincorporated
1236,Urban Unincorporated
1237,Urban Unincorporated
1238,Urban Unincorporated
1239,Urban Unincorporated
1240,Urban Unincorporated
1241,Urban Unincorporated
1242,Urban Unincorporated
1243,Urban Unincorporated
1244,Urban Unincorporated
1245,Core Cities
1246,Core Cities
1247,Core Cities
1248,Core Cities
1249,Core Cities
1250,Urban Unincorporated
1251,Urban Unincorporated
1252,Urban Unincorporated
1253,Urban Unincorporated
1254,Urban Unincorporated
1255,Urban Unincorporated
1256,Urban Unincorporated
1257,Urban Unincorporated
1258,Urban Unincorporated
1259,Urban Unincorporated
1260,Urban Unincorporated
1261,Urban Unincorporated
1262,Urban Unincorporated
1263,Urban Unincorporated
1264,Urban Unincorporated
1265,Urban Unincorporated
1266,Urban Unincorporated
1267,Urban Unincorporated
1268,Urban Unincorporated
1269,Urban Unincorporated
1270,Urban Unincorporated
1271,Urban Unincorporated
1272,Urban Unincorporated
1273,Urban Unincorporated
1274,Urban Unincorporated
1275,Urban Unincorporated
1276,Urban Unincorporated
1277,Urban Unincorporated
1278,Urban Unincorporated
1279,Urban Unincorporated
1280,Urban Unincorporated
1281,Urban Unincorporated
1282,Urban Unincorporated
1283,Urban Unincorporated
1284,Urban Unincorporated
1285,Urban Unincorporated
1286,Urban Unincorporated
1287,Urban Unincorporated
1288,Urban Unincorporated
1289,Urban Unincorporated
1290,Urban Unincorporated
1291,Urban Unincorporated
1292,Urban Unincorporated
1293,Urban Unincorporated
1294,Urban Unincorporated
1295,Urban Unincorporated
1296,Urban Unincorporated
1297,Urban Unincorporated
1298,Urban Unincorporated
1299,Urban Unincorporated
1300,Urban Unincorporated
1301,Urban Unincorporated
1302,Urban Unincorporated
1303,Urban Unincorporated
1304,Urban Unincorporated
1305,Urban Unincorporated
1306,Urban Unincorporated
1307,Urban Unincorporated
1308,Urban Unincorporated
1309,Urban Unincorporated
1310,Urban Unincorporated
1311,Urban Unincorporated
1312,Urban Unincorporated
1313,Urban Unincorporated
1314,Urban Unincorporated
1315,Urban Unincorporated
1316,Urban Unincorporated
1317,Urban Unincorporated
1318,Urban Unincorporated
1319,Urban Unincorporated
1320,Urban Unincorporated
1321,Urban Unincorporated
1322,Urban Unincorporated
1323,Urban Unincorporated
1324,Urban Unincorporated
1325,Urban Unincorporated
1326,Urban Unincorporated
1327,Urban Unincorporated
1328,Urban Unincorporated
1329,Urban Unincorporated
1330,Urban Unincorporated
1331,Urban Unincorporated
1332,Urban Unincorporated
1333,Urban Unincorporated
1334,Urban Unincorporated
1335,Urban Unincorporated
1336,Urban Unincorporated
1337,Urban Unincorporated
1338,Urban Unincorporated
1339,Urban Unincorporated
1340,Urban Unincorporated
1341,Urban Unincorporated
1342,Urban Unincorporated
1343,Rural
1344,Rural
1345,Rural
1346,Rural
1347,Rural
1348,Rural
1349,HCT Communities
1350,HCT Communities
1351,HCT Communities
1352,HCT Communities
1353,HCT Communities
1354,HCT Communities
1355,HCT Communities
1356,HCT Communities
1357,HCT Communities
1358,HCT Communities
1359,HCT Communities
1360,HCT Communities
1361,HCT Communities
1362,HCT Communities
1363,HCT Communities
1364,HCT Communities
1365,HCT Communities
1366,HCT Communities
1367,HCT Communities
1368,HCT Communities
1369,HCT Communities
1370,HCT Communities
1371,HCT Communities
1372,HCT Communities
1373,HCT Communities
1374,HCT Communities
1375,HCT Communities
1376,HCT Communities
1377,HCT Communities
1378,HCT Communities
1379,HCT Communities
1380,HCT Communities
1381,HCT Communities
1382,HCT Communities
1383,HCT Communities
1384,HCT Communities
1385,HCT Communities
1386,HCT Communities
1387,HCT Communities
1388,HCT Communities
1389,HCT Communities
1390,HCT Communities
1391,HCT Communities
1392,HCT Communities
1393,HCT Communities
1394,HCT Communities
1395,HCT Communities
1396,HCT Communities
1397,HCT Communities
1398,HCT Communities
1399,HCT Communities
1400,HCT Communities
1401,HCT Communities
1402,HCT Communities
1403,HCT Communities
1404,HCT Communities
1405,HCT Communities
1406,Urban Unincorporated
1407,Urban Unincorporated
1408,Urban Unincorporated
1409,Urban Unincorporated
1410,Urban Unincorporated
1411,Urban Unincorporated
1412,Urban Unincorporated
1413,Urban Unincorporated
1414,Urban Unincorporated
1415,Urban Unincorporated
1416,Urban Unincorporated
1417,Urban Unincorporated
1418,Urban Unincorporated
1419,Urban Unincorporated
1420,Urban Unincorporated
1421,Urban Unincorporated
1422,Urban Unincorporated
1423,Urban Unincorporated
1424,Urban Unincorporated
1425,Urban Unincorporated
1426,Urban Unincorporated
1427,Urban Unincorporated
1428,Urban Unincorporated
1429,Urban Unincorporated
1430,Urban Unincorporated
1431,Urban Unincorporated
1432,Urban Unincorporated
1433,Urban Unincorporated
1434,Urban Unincorporated
1435,Urban Unincorporated
1436,Urban Unincorporated
1437,Urban Unincorporated
1438,Urban Unincorporated
1439,Urban Unincorporated
1440,Urban Unincorporated
1441,Urban Unincorporated
1442,Urban Unincorporated
1443,Urban Unincorporated
1444,Urban Unincorporated
1445,Urban Unincorporated
1446,Urban Unincorporated
1447,Urban Unincorporated
1448,Urban Unincorporated
1449,Urban Unincorporated
1450,Urban Unincorporated
1451,Urban Unincorporated
1452,Urban Unincorporated
1453,Urban Unincorporated
1454,Urban Unincorporated
1455,Urban Unincorporated
1456,Urban Unincorporated
1457,Urban Unincorporated
1458,Urban Unincorporated
1459,Urban Unincorporated
1460,Urban Unincorporated
1461,Urban Unincorporated
1462,Urban Unincorporated
1463,Urban Unincorporated
1464,Urban Unincorporated
1465,Urban Unincorporated
1466,Urban Unincorporated
1467,Urban Unincorporated
1468,Urban Unincorporated
1469,Urban Unincorporated
1470,Urban Unincorporated
1471,Urban Unincorporated
1472,Urban Unincorporated
1473,Urban Unincorporated
1474,Urban Unincorporated
1475,Urban Unincorporated
1476,Urban Unincorporated
1477,Urban Unincorporated
1478,Urban Unincorporated
1479,Urban Unincorporated
1480,Urban Unincorporated
1481,Urban Unincorporated
1482,Rural
1483,Urban Unincorporated
1484,Urban Unincorporated
1485,Urban Unincorporated
1486,Urban Unincorporated
1487,Urban Unincorporated
1488,Urban Unincorporated
1489,Urban Unincorporated
1490,Urban Unincorporated
1491,Urban Unincorporated
1492,Urban Unincorporated
1493,Urban Unincorporated
1494,Urban Unincorporated
1495,Urban Unincorporated
1496,Urban Unincorporated
1497,Urban Unincorporated
1498,Urban Unincorporated
1499,Urban Unincorporated
1500,Urban Unincorporated
1501,Urban Unincorporated
1502,Urban Unincorporated
1503,Urban Unincorporated
1504,Urban Unincorporated
1505,Urban Unincorporated
1506,Urban Unincorporated
1507,Urban Unincorporated
1508,Urban Unincorporated
1509,Urban Unincorporated
1510,Urban Unincorporated
1511,Urban Unincorporated
1512,Urban Unincorporated
1513,Urban Unincorporated
1514,Rural
1515,Rural
1516,Rural
1517,Urban Unincorporated
1518,Urban Unincorporated
1519,Urban Unincorporated
1520,Urban Unincorporated
1521,Urban Unincorporated
1522,Urban Unincorporated
1523,Urban Unincorporated
1524,Urban Unincorporated
1525,Urban Unincorporated
1526,Urban Unincorporated
1527,Urban Unincorporated
1528,Urban Unincorporated
1529,Rural
1530,Rural
1531,Rural
1532,Rural
1533,Urban Unincorporated
1534,Urban Unincorporated
1535,Urban Unincorporated
1536,Urban Unincorporated
1537,Urban Unincorporated
1538,Urban Unincorporated
1539,Urban Unincorporated
1540,Urban Unincorporated
1541,Urban Unincorporated
1542,Urban Unincorporated
1543,Urban Unincorporated
1544,Urban Unincorporated
1545,Urban Unincorporated
1546,Urban Unincorporated
1547,Urban Unincorporated
1548,Urban Unincorporated
1549,Urban Unincorporated
1550,Rural
1551,Metropolitan Cities
1659,Metropolitan Cities
1660,Metropolitan Cities
1661,Metropolitan Cities
1662,Metropolitan Cities
1663,Metropolitan Cities
1664,Metropolitan Cities
1665,Metropolitan Cities
1666,Metropolitan Cities
1667,Metropolitan Cities
1668,Metropolitan Cities
1669,Metropolitan Cities
1670,Metropolitan Cities
1671,Metropolitan Cities
1672,Metropolitan Cities
1673,Metropolitan Cities
1674,Metropolitan Cities
1675,Metropolitan Cities
1676,Metropolitan Cities
1677,Metropolitan Cities
1678,Metropolitan Cities
1679,Metropolitan Cities
1680,Metropolitan Cities
1681,Metropolitan Cities
1682,Metropolitan Cities
1683,Metropolitan Cities
1684,Metropolitan Cities
1685,Metropolitan Cities
1686,Metropolitan Cities
1687,Metropolitan Cities
1688,Metropolitan Cities
1689,Metropolitan Cities
1690,Metropolitan Cities
1691,Metropolitan Cities
1692,Metropolitan Cities
1693,Metropolitan Cities
1694,Metropolitan Cities
1695,Metropolitan Cities
1696,Metropolitan Cities
1697,Metropolitan Cities
1698,Metropolitan Cities
1699,Metropolitan Cities
1700,Metropolitan Cities
1701,Metropolitan Cities
1702,Metropolitan Cities
1703,Metropolitan Cities
1704,Metropolitan Cities
1705,Metropolitan Cities
1706,Metropolitan Cities
1707,Metropolitan Cities
1708,Metropolitan Cities
1709,Metropolitan Cities
1710,Metropolitan Cities
1711,Metropolitan Cities
1712,Metropolitan Cities
1713,Metropolitan Cities
1714,Metropolitan Cities
1715,Metropolitan Cities
1716,Metropolitan Cities
1717,Metropolitan Cities
1718,Metropolitan Cities
1719,Metropolitan Cities
1720,Metropolitan Cities
1721,Metropolitan Cities
1722,Metropolitan Cities
1723,Metropolitan Cities
1724,Metropolitan Cities
1725,Metropolitan Cities
1726,Metropolitan Cities
1727,Metropolitan Cities
1728,Metropolitan Cities
1729,Metropolitan Cities
1730,Metropolitan Cities
1731,Metropolitan Cities
1732,Metropolitan Cities
1733,Metropolitan Cities
1734,Metropolitan Cities
1735,Metropolitan Cities
1736,Metropolitan Cities
1737,Metropolitan Cities
1738,Metropolitan Cities
1739,Metropolitan Cities
1740,Metropolitan Cities
1741,Metropolitan Cities
1742,Metropolitan Cities
1743,Metropolitan Cities
1744,Metropolitan Cities
1745,Metropolitan Cities
1746,Metropolitan Cities
1747,Metropolitan Cities
1748,Metropolitan Cities
1749,Metropolitan Cities
1750,Metropolitan Cities
1751,Metropolitan Cities
1752,Metropolitan Cities
1753,Metropolitan Cities
1754,Metropolitan Cities
1755,Metropolitan Cities
1756,Metropolitan Cities
1757,Metropolitan Cities
1758,Metropolitan Cities
1759,Metropolitan Cities
1760,Metropolitan Cities
1761,Metropolitan Cities
1762,Metropolitan Cities
1763,Metropolitan Cities
1764,Metropolitan Cities
1765,Metropolitan Cities
1766,Metropolitan Cities
1767,Metropolitan Cities
1768,Metropolitan Cities
1769,Metropolitan Cities
1770,Metropolitan Cities
1771,Metropolitan Cities
1772,Metropolitan Cities
1773,Metropolitan Cities
1774,Metropolitan Cities
1775,Metropolitan Cities
1776,Metropolitan Cities
1777,Metropolitan Cities
1778,Metropolitan Cities
1779,Metropolitan Cities
1780,Metropolitan Cities
1781,Metropolitan Cities
1782,Metropolitan Cities
1783,Metropolitan Cities
1784,Metropolitan Cities
1785,Metropolitan Cities
1786,Metropolitan Cities
1787,Metropolitan Cities
1788,Metropolitan Cities
1789,Metropolitan Cities
1790,Metropolitan Cities
1791,Metropolitan Cities
1792,Metropolitan Cities
1793,Metropolitan Cities
1794,Metropolitan Cities
1795,Metropolitan Cities
1796,Metropolitan Cities
1797,Metropolitan Cities
1798,Metropolitan Cities
1799,Metropolitan Cities
1800,Metropolitan Cities
1801,Metropolitan Cities
1802,Metropolitan Cities
1803,Metropolitan Cities
1804,Metropolitan Cities
1805,Metropolitan Cities
1806,Metropolitan Cities
1807,Metropolitan Cities
1808,Metropolitan Cities
1809,Metropolitan Cities
1810,Metropolitan Cities
1811,Metropolitan Cities
1812,Metropolitan Cities
1813,Metropolitan Cities
1814,Metropolitan Cities
1815,Metropolitan Cities
1816,Metropolitan Cities
1817,Metropolitan Cities
1818,Metropolitan Cities
1819,Metropolitan Cities
1820,Metropolitan Cities
1821,Metropolitan Cities
1822,Metropolitan Cities
1823,Metropolitan Cities
1824,Metropolitan Cities
1825,Metropolitan Cities
1826,Metropolitan Cities
1827,Metropolitan Cities
1828,Metropolitan Cities
1829,Metropolitan Cities
1830,Metropolitan Cities
1831,Metropolitan Cities
1832,Metropolitan Cities
1833,Metropolitan Cities
1834,Metropolitan Cities
1835,Metropolitan Cities
1836,Metropolitan Cities
1837,Metropolitan Cities
1838,Metropolitan Cities
1839,Metropolitan Cities
1840,Metropolitan Cities
1841,Metropolitan Cities
1842,Metropolitan Cities
1843,Metropolitan Cities
1844,Metropolitan Cities
1845,Metropolitan Cities
1846,Metropolitan Cities
1847,Metropolitan Cities
1848,Metropolitan Cities
1849,Metropolitan Cities
1850,Metropolitan Cities
1851,Metropolitan Cities
1852,Metropolitan Cities
1853,Metropolitan Cities
1854,Metropolitan Cities
1855,Metropolitan Cities
1856,Metropolitan Cities
1857,Metropolitan Cities
1858,Metropolitan Cities
1859,Metropolitan Cities
1860,Metropolitan Cities
1861,Metropolitan Cities
1862,Metropolitan Cities
1863,Metropolitan Cities
1864,Metropolitan Cities
1865,Metropolitan Cities
1866,Metropolitan Cities
1867,Metropolitan Cities
1868,Metropolitan Cities
1869,Metropolitan Cities
1870,Metropolitan Cities
1871,Metropolitan Cities
1872,Metropolitan Cities
1873,Metropolitan Cities
1874,Metropolitan Cities
1875,Metropolitan Cities
1876,Metropolitan Cities
1877,Metropolitan Cities
1878,Metropolitan Cities
1879,Metropolitan Cities
1880,Metropolitan Cities
1881,Metropolitan Cities
1882,Metropolitan Cities
1883,Metropolitan Cities
1884,Metropolitan Cities
1885,Metropolitan Cities
1886,Metropolitan Cities
1887,Metropolitan Cities
1888,Metropolitan Cities
1889,Metropolitan Cities
1890,Metropolitan Cities
1891,Metropolitan Cities
1892,Metropolitan Cities
1893,Metropolitan Cities
1894,Metropolitan Cities
1895,Metropolitan Cities
1896,Metropolitan Cities
1897,Metropolitan Cities
1898,Metropolitan Cities
1899,Metropolitan Cities
1900,Metropolitan Cities
1901,Metropolitan Cities
1902,Metropolitan Cities
1903,Metropolitan Cities
1904,Metropolitan Cities
1905,Metropolitan Cities
1906,Metropolitan Cities
1907,Metropolitan Cities
1908,Metropolitan Cities
1909,Metropolitan Cities
1910,Metropolitan Cities
1911,Metropolitan Cities
1912,Metropolitan Cities
1913,Metropolitan Cities
1914,Metropolitan Cities
1915,Metropolitan Cities
1916,Metropolitan Cities
1917,Metropolitan Cities
1918,Metropolitan Cities
1919,Metropolitan Cities
1920,Metropolitan Cities
1921,Metropolitan Cities
1922,Metropolitan Cities
1923,Metropolitan Cities
1924,Metropolitan Cities
1925,Metropolitan Cities
1926,Metropolitan Cities
1927,Metropolitan Cities
1928,Metropolitan Cities
1929,Metropolitan Cities
1930,Metropolitan Cities
1931,Metropolitan Cities
1932,Metropolitan Cities
1933,Metropolitan Cities
1934,Metropolitan Cities
1935,Metropolitan Cities
1936,Metropolitan Cities
1937,Metropolitan Cities
1938,Metropolitan Cities
1939,Metropolitan Cities
1940,Metropolitan Cities
1941,Metropolitan Cities
1942,Metropolitan Cities
1943,Metropolitan Cities
1944,Metropolitan Cities
1945,Metropolitan Cities
1946,Metropolitan Cities
1947,Metropolitan Cities
1948,Metropolitan Cities
1949,Metropolitan Cities
1950,Metropolitan Cities
1951,Metropolitan Cities
1952,Metropolitan Cities
1953,Metropolitan Cities
1954,Metropolitan Cities
1955,Metropolitan Cities
1956,Metropolitan Cities
1957,Metropolitan Cities
1958,Metropolitan Cities
1959,Metropolitan Cities
1960,Metropolitan Cities
1961,Metropolitan Cities
1962,Metropolitan Cities
1963,Metropolitan Cities
1964,Metropolitan Cities
1965,Metropolitan Cities
1966,Metropolitan Cities
1967,Metropolitan Cities
1968,Metropolitan Cities
1969,Metropolitan Cities
1970,Metropolitan Cities
1971,Metropolitan Cities
1972,Metropolitan Cities
1973,Metropolitan Cities
1974,Metropolitan Cities
1975,Metropolitan Cities
1976,Metropolitan Cities
1977,Metropolitan Cities
1978,Metropolitan Cities
1979,Metropolitan Cities
1980,Metropolitan Cities
1981,Metropolitan Cities
1982,Metropolitan Cities
1983,Metropolitan Cities
1984,Metropolitan Cities
1985,Metropolitan Cities
1986,Metropolitan Cities
1987,Metropolitan Cities
1988,Metropolitan Cities
1989,Metropolitan Cities
1990,Metropolitan Cities
1991,Metropolitan Cities
1992,Metropolitan Cities
1993,Metropolitan Cities
1994,Metropolitan Cities
1995,Metropolitan Cities
1996,Metropolitan Cities
1997,Metropolitan Cities
1998,Metropolitan Cities
1999,Metropolitan Cities
2000,Metropolitan Cities
2001,Metropolitan Cities
2002,Metropolitan Cities
2003,Metropolitan Cities
2004,Metropolitan Cities
2005,Metropolitan Cities
2006,Metropolitan Cities
2007,Metropolitan Cities
2008,Metropolitan Cities
2009,Metropolitan Cities
2010,Metropolitan Cities
2011,Metropolitan Cities
2012,Metropolitan Cities
2013,Metropolitan Cities
2014,Metropolitan Cities
2015,Metropolitan Cities
2016,Metropolitan Cities
2017,Metropolitan Cities
2018,Metropolitan Cities
2019,Metropolitan Cities
2020,Metropolitan Cities
2021,Metropolitan Cities
2022,Metropolitan Cities
2023,Metropolitan Cities
2024,Metropolitan Cities
2025,Metropolitan Cities
2026,Metropolitan Cities
2027,Metropolitan Cities
2028,Metropolitan Cities
2029,Metropolitan Cities
2030,Metropolitan Cities
2031,Metropolitan Cities
2032,Metropolitan Cities
2033,Metropolitan Cities
2034,Metropolitan Cities
2035,Metropolitan Cities
2036,Metropolitan Cities
2037,Metropolitan Cities
2038,Metropolitan Cities
2039,Metropolitan Cities
2040,Metropolitan Cities
2041,Metropolitan Cities
2042,Metropolitan Cities
2043,Metropolitan Cities
2044,Metropolitan Cities
2045,Metropolitan Cities
2046,Metropolitan Cities
2047,Metropolitan Cities
2048,Metropolitan Cities
2049,Metropolitan Cities
2050,Metropolitan Cities
2051,Metropolitan Cities
2052,Metropolitan Cities
2053,Metropolitan Cities
2054,Metropolitan Cities
2055,Metropolitan Cities
2056,Metropolitan Cities
2057,Metropolitan Cities
2058,Metropolitan Cities
2059,Metropolitan Cities
2060,Metropolitan Cities
2061,Metropolitan Cities
2062,Metropolitan Cities
2063,Metropolitan Cities
2064,Metropolitan Cities
2065,Metropolitan Cities
2066,Metropolitan Cities
2067,Metropolitan Cities
2068,Metropolitan Cities
2069,Metropolitan Cities
2070,Metropolitan Cities
2071,Metropolitan Cities
2072,Metropolitan Cities
2073,Metropolitan Cities
2074,Metropolitan Cities
2075,Metropolitan Cities
2076,Metropolitan Cities
2077,Metropolitan Cities
2078,Metropolitan Cities
2079,Metropolitan Cities
2080,Metropolitan Cities
2081,Metropolitan Cities
2082,Metropolitan Cities
2083,Metropolitan Cities
2084,Metropolitan Cities
2085,Metropolitan Cities
2086,Metropolitan Cities
2087,Metropolitan Cities
2088,Metropolitan Cities
2089,Metropolitan Cities
2090,Metropolitan Cities
2091,Metropolitan Cities
2092,Metropolitan Cities
2093,Metropolitan Cities
2094,Metropolitan Cities
2095,Metropolitan Cities
2096,Metropolitan Cities
2097,Metropolitan Cities
2098,Metropolitan Cities
2099,Metropolitan Cities
2100,Metropolitan Cities
2101,Metropolitan Cities
2102,Metropolitan Cities
2103,Metropolitan Cities
2104,Metropolitan Cities
2105,Metropolitan Cities
2106,Metropolitan Cities
2107,Metropolitan Cities
2108,Metropolitan Cities
2109,Metropolitan Cities
2110,Metropolitan Cities
2111,Metropolitan Cities
2112,Metropolitan Cities
2113,Metropolitan Cities
2114,Metropolitan Cities
2115,Metropolitan Cities
2116,Metropolitan Cities
2117,Metropolitan Cities
2118,Metropolitan Cities
2119,Metropolitan Cities
2120,Metropolitan Cities
2121,Metropolitan Cities
2122,Metropolitan Cities
2123,Metropolitan Cities
2124,Metropolitan Cities
2125,Metropolitan Cities
2126,Metropolitan Cities
2127,Metropolitan Cities
2128,Metropolitan Cities
2129,Metropolitan Cities
2130,Metropolitan Cities
2131,Metropolitan Cities
2132,Metropolitan Cities
2133,Metropolitan Cities
2134,Metropolitan Cities
2135,Metropolitan Cities
2136,Metropolitan Cities
2137,Metropolitan Cities
2138,Metropolitan Cities
2139,Metropolitan Cities
2140,Metropolitan Cities
2141,Metropolitan Cities
2142,Metropolitan Cities
2143,Metropolitan Cities
2144,Metropolitan Cities
2145,Metropolitan Cities
2146,Metropolitan Cities
2147,Metropolitan Cities
2148,Metropolitan Cities
2149,Metropolitan Cities
2150,Metropolitan Cities
2151,Metropolitan Cities
2152,Metropolitan Cities
2153,Metropolitan Cities
2154,Metropolitan Cities
2155,Metropolitan Cities
2156,Metropolitan Cities
2157,Metropolitan Cities
2158,Metropolitan Cities
2159,Metropolitan Cities
2160,Metropolitan Cities
2161,Metropolitan Cities
2162,Metropolitan Cities
2163,Metropolitan Cities
2164,Metropolitan Cities
2165,Metropolitan Cities
2166,Metropolitan Cities
2167,Metropolitan Cities
2168,Metropolitan Cities
2169,Metropolitan Cities
2170,Metropolitan Cities
2171,Metropolitan Cities
2172,Metropolitan Cities
2173,Metropolitan Cities
2174,Metropolitan Cities
2175,Metropolitan Cities
2176,Metropolitan Cities
2177,Metropolitan Cities
2178,Metropolitan Cities
2179,Metropolitan Cities
2180,Metropolitan Cities
2181,Metropolitan Cities
2182,Metropolitan Cities
2183,Metropolitan Cities
2184,Metropolitan Cities
2185,Metropolitan Cities
2186,Metropolitan Cities
2187,Metropolitan Cities
2188,Metropolitan Cities
2189,Metropolitan Cities
2190,Metropolitan Cities
2191,Metropolitan Cities
2192,Metropolitan Cities
2193,Metropolitan Cities
2194,Metropolitan Cities
2195,Metropolitan Cities
2196,Metropolitan Cities
2197,Metropolitan Cities
2198,Metropolitan Cities
2199,Metropolitan Cities
2200,Metropolitan Cities
2201,Metropolitan Cities
2202,Metropolitan Cities
2203,Metropolitan Cities
2204,Metropolitan Cities
2205,Metropolitan Cities
2206,Metropolitan Cities
2207,Metropolitan Cities
2208,Metropolitan Cities
2209,Metropolitan Cities
2210,Metropolitan Cities
2211,Metropolitan Cities
2212,Metropolitan Cities
2213,Metropolitan Cities
2214,Metropolitan Cities
2215,Metropolitan Cities
2216,Metropolitan Cities
2217,Metropolitan Cities
2218,Metropolitan Cities
2219,Metropolitan Cities
2220,Metropolitan Cities
2221,Metropolitan Cities
2222,Metropolitan Cities
2223,Metropolitan Cities
2224,Metropolitan Cities
2225,Metropolitan Cities
2226,Metropolitan Cities
2227,Metropolitan Cities
2228,Metropolitan Cities
2229,Metropolitan Cities
2230,Metropolitan Cities
2231,Metropolitan Cities
2232,Metropolitan Cities
2233,Metropolitan Cities
2234,Metropolitan Cities
2235,Metropolitan Cities
2236,Metropolitan Cities
2237,Metropolitan Cities
2238,Metropolitan Cities
2239,Metropolitan Cities
2240,Metropolitan Cities
2241,Metropolitan Cities
2242,Metropolitan Cities
2243,Metropolitan Cities
2244,Metropolitan Cities
2245,Metropolitan Cities
2246,Metropolitan Cities
2247,Metropolitan Cities
2248,Metropolitan Cities
2249,Metropolitan Cities
2250,Metropolitan Cities
2251,Metropolitan Cities
2252,Metropolitan Cities
2253,Metropolitan Cities
2254,Metropolitan Cities
2255,Metropolitan Cities
2256,Metropolitan Cities
2257,Metropolitan Cities
2258,Metropolitan Cities
2259,Metropolitan Cities
2260,Metropolitan Cities
2261,Metropolitan Cities
2262,Metropolitan Cities
2263,Metropolitan Cities
2264,Metropolitan Cities
2265,Metropolitan Cities
2266,Metropolitan Cities
2267,Metropolitan Cities
2268,Metropolitan Cities
2269,Metropolitan Cities
2270,Metropolitan Cities
2271,Metropolitan Cities
2272,Metropolitan Cities
2273,Metropolitan Cities
2274,Metropolitan Cities
2275,Metropolitan Cities
2276,Metropolitan Cities
2277,Metropolitan Cities
2278,Metropolitan Cities
2279,Metropolitan Cities
2280,Metropolitan Cities
2281,Metropolitan Cities
2282,Metropolitan Cities
2283,Metropolitan Cities
2284,Metropolitan Cities
2285,Metropolitan Cities
2286,Metropolitan Cities
2287,Metropolitan Cities
2288,Metropolitan Cities
2289,Metropolitan Cities
2290,Metropolitan Cities
2291,Metropolitan Cities
2292,Metropolitan Cities
2293,Metropolitan Cities
2294,Metropolitan Cities
2295,Metropolitan Cities
2296,Metropolitan Cities
2297,Metropolitan Cities
2298,Metropolitan Cities
2299,Metropolitan Cities
2300,Metropolitan Cities
2301,Metropolitan Cities
2302,Metropolitan Cities
2303,Metropolitan Cities
2304,Metropolitan Cities
2305,Metropolitan Cities
2306,Metropolitan Cities
2307,Metropolitan Cities
2308,Metropolitan Cities
2309,Metropolitan Cities
2310,Metropolitan Cities
2311,Metropolitan Cities
2312,Metropolitan Cities
2313,Metropolitan Cities
2314,Metropolitan Cities
2315,Metropolitan Cities
2316,Metropolitan Cities
2317,Metropolitan Cities
2318,Metropolitan Cities
2319,Metropolitan Cities
2320,Metropolitan Cities
2321,Metropolitan Cities
2322,Metropolitan Cities
2323,Metropolitan Cities
2324,Metropolitan Cities
2325,Metropolitan Cities
2326,Metropolitan Cities
2327,Metropolitan Cities
2328,Metropolitan Cities
2329,Metropolitan Cities
2330,Metropolitan Cities
2331,Metropolitan Cities
2332,Metropolitan Cities
2333,Metropolitan Cities
2334,Metropolitan Cities
2335,Metropolitan Cities
2336,Metropolitan Cities
2337,Metropolitan Cities
2338,Metropolitan Cities
2339,Metropolitan Cities
2340,Metropolitan Cities
2341,Metropolitan Cities
2342,Metropolitan Cities
2343,Metropolitan Cities
2344,Metropolitan Cities
2345,Metropolitan Cities
2346,Metropolitan Cities
2347,Metropolitan Cities
2348,Metropolitan Cities
2349,Metropolitan Cities
2350,Metropolitan Cities
2351,Metropolitan Cities
2352,Metropolitan Cities
2353,Metropolitan Cities
2354,Metropolitan Cities
2355,Metropolitan Cities
2356,Metropolitan Cities
2357,Metropolitan Cities
2358,Metropolitan Cities
2359,Metropolitan Cities
2360,Metropolitan Cities
2361,Metropolitan Cities
2362,Metropolitan Cities
2363,Metropolitan Cities
2364,Metropolitan Cities
2365,Metropolitan Cities
2366,Metropolitan Cities
2367,Metropolitan Cities
2368,Metropolitan Cities
2369,Metropolitan Cities
2370,Metropolitan Cities
2371,Metropolitan Cities
2372,Metropolitan Cities
2373,Metropolitan Cities
2374,Metropolitan Cities
2375,Metropolitan Cities
2376,Metropolitan Cities
2377,Metropolitan Cities
2378,Metropolitan Cities
2379,Metropolitan Cities
2380,Metropolitan Cities
2381,Metropolitan Cities
2382,Metropolitan Cities
2383,Metropolitan Cities
2384,Metropolitan Cities
2385,Metropolitan Cities
2386,Metropolitan Cities
2387,Metropolitan Cities
2388,Metropolitan Cities
2389,Metropolitan Cities
2390,Metropolitan Cities
2391,Metropolitan Cities
2392,Metropolitan Cities
2393,Metropolitan Cities
2394,Metropolitan Cities
2395,Metropolitan Cities
2396,Metropolitan Cities
2397,Metropolitan Cities
2398,Metropolitan Cities
2399,Metropolitan Cities
2400,Metropolitan Cities
2401,Metropolitan Cities
2402,Metropolitan Cities
2403,Metropolitan Cities
2404,Metropolitan Cities
2405,Metropolitan Cities
2406,Metropolitan Cities
2407,Metropolitan Cities
2408,Metropolitan Cities
2409,Metropolitan Cities
2410,Metropolitan Cities
2411,Metropolitan Cities
2412,Metropolitan Cities
2413,Metropolitan Cities
2414,Metropolitan Cities
2415,Metropolitan Cities
2416,Metropolitan Cities
2417,Metropolitan Cities
2418,Metropolitan Cities
2419,Metropolitan Cities
2420,Metropolitan Cities
2421,Metropolitan Cities
2422,Metropolitan Cities
2423,Metropolitan Cities
2424,Metropolitan Cities
2425,Metropolitan Cities
2426,Metropolitan Cities
2427,Metropolitan Cities
2428,Metropolitan Cities
2429,Metropolitan Cities
2430,Metropolitan Cities
2431,Metropolitan Cities
2432,Metropolitan Cities
2433,Metropolitan Cities
2434,Metropolitan Cities
2435,Metropolitan Cities
2436,Metropolitan Cities
2437,Metropolitan Cities
2438,Metropolitan Cities
2439,Metropolitan Cities
2440,Metropolitan Cities
2441,HCT Communities
2442,HCT Communities
2443,HCT Communities
2444,HCT Communities
2445,HCT Communities
2446,HCT Communities
2447,HCT Communities
2448,HCT Communities
2449,HCT Communities
2450,HCT Communities
2451,HCT Communities
2452,HCT Communities
2453,HCT Communities
2454,HCT Communities
2455,Core Cities
2456,Core Cities
2457,HCT Communities
2458,HCT Communities
2459,Core Cities
2460,Core Cities
2461,Core Cities
2462,HCT Communities
2463,Core Cities
2464,Core Cities
2465,HCT Communities
2466,HCT Communities
2467,HCT Communities
2468,HCT Communities
2469,HCT Communities
2470,HCT Communities
2471,HCT Communities
2472,Core Cities
2473,HCT Communities
2474,Core Cities
2475,Core Cities
2476,Core Cities
2477,Core Cities
2478,Core Cities
2479,Core Cities
2480,Core Cities
2481,Core Cities
2482,Core Cities
2483,Core Cities
2484,Core Cities
2485,Core Cities
2486,Core Cities
2487,Core Cities
2488,Core Cities
2489,Core Cities
2490,Core Cities
2491,HCT Communities
2492,HCT Communities
2493,HCT Communities
2494,HCT Communities
2495,HCT Communities
2496,HCT Communities
2497,HCT Communities
2498,HCT Communities
2499,HCT Communities
2500,HCT Communities
2501,HCT Communities
2502,Core Cities
2503,Core Cities
2504,Core Cities
2505,Core Cities
2506,Core Cities
2507,Core Cities
2508,Core Cities
2509,Core Cities
2510,Core Cities
2511,Core Cities
2512,Core Cities
2513,Core Cities
2514,Core Cities
2515,Core Cities
2516,Core Cities
2517,Core Cities
2518,Core Cities
2519,Core Cities
2520,Core Cities
2521,Core Cities
2522,Core Cities
2523,Core Cities
2524,Core Cities
2525,Core Cities
2526,Core Cities
2527,Core Cities
2528,Core Cities
2529,Core Cities
2530,Core Cities
2531,Core Cities
2532,Core Cities
2533,Core Cities
2534,Core Cities
2535,Core Cities
2536,Core Cities
2537,Core Cities
2538,HCT Communities
2539,Core Cities
2540,Core Cities
2541,Core Cities
2542,Core Cities
2543,Core Cities
2544,Core Cities
2545,Core Cities
2546,Core Cities
2547,Core Cities
2548,Core Cities
2549,Core Cities
2550,Core Cities
2551,Core Cities
2552,Core Cities
2553,Core Cities
2554,Core Cities
2555,Core Cities
2556,Core Cities
2557,Core Cities
2558,Core Cities
2559,Core Cities
2560,Core Cities
2561,Core Cities
2562,Core Cities
2563,Core Cities
2564,Core Cities
2565,Core Cities
2566,Core Cities
2567,Core Cities
2568,Core Cities
2569,Core Cities
2570,Core Cities
2571,Core Cities
2572,Core Cities
2573,Core Cities
2574,Core Cities
2575,Core Cities
2576,Core Cities
2577,Core Cities
2578,Core Cities
2579,Core Cities
2580,Core Cities
2581,Core Cities
2582,Core Cities
2583,Core Cities
2584,Cities and Towns
2585,Core Cities
2586,Core Cities
2587,HCT Communities
2588,Core Cities
2589,Core Cities
2590,Core Cities
2591,Core Cities
2592,Core Cities
2593,Core Cities
2594,Core Cities
2595,Core Cities
2596,Core Cities
2597,Core Cities
2598,Core Cities
2599,Core Cities
2600,Core Cities
2601,Core Cities
2602,Core Cities
2603,Core Cities
2604,Core Cities
2605,Core Cities
2606,Core Cities
2607,Core Cities
2608,Core Cities
2609,Core Cities
2610,Core Cities
2611,Core Cities
2612,Core Cities
2613,Core Cities
2614,Core Cities
2615,HCT Communities
2616,HCT Communities
2617,HCT Communities
2618,Cities and Towns
2619,HCT Communities
2620,HCT Communities
2621,HCT Communities
2622,HCT Communities
2623,HCT Communities
2624,HCT Communities
2625,Core Cities
2626,Core Cities
2627,Core Cities
2628,Core Cities
2629,Core Cities
2630,Core Cities
2631,Core Cities
2632,Core Cities
2633,Core Cities
2634,Core Cities
2635,Core Cities
2636,Core Cities
2637,Core Cities
2638,Core Cities
2639,Urban Unincorporated
2640,Core Cities
2641,Core Cities
2642,Core Cities
2643,Core Cities
2644,HCT Communities
2645,Core Cities
2646,HCT Communities
2647,HCT Communities
2648,HCT Communities
2649,HCT Communities
2650,HCT Communities
2651,HCT Communities
2652,HCT Communities
2653,Core Cities
2654,Core Cities
2655,Core Cities
2656,Core Cities
2657,Core Cities
2658,HCT Communities
2659,HCT Communities
2660,Core Cities
2661,Core Cities
2662,Core Cities
2663,Core Cities
2664,HCT Communities
2665,Core Cities
2666,Core Cities
2667,Core Cities
2668,Core Cities
2669,Core Cities
2670,Core Cities
2671,Core Cities
2672,Core Cities
2673,Core Cities
2674,Core Cities
2675,Core Cities
2676,HCT Communities
2677,HCT Communities
2678,Core Cities
2679,Core Cities
2680,Core Cities
2681,Core Cities
2682,Core Cities
2683,HCT Communities
2684,HCT Communities
2685,Core Cities
2686,Core Cities
2687,Core Cities
2688,Core Cities
2689,Core Cities
2690,Core Cities
2691,Core Cities
2692,Core Cities
2693,Core Cities
2694,Core Cities
2695,Core Cities
2696,Core Cities
2697,Core Cities
2698,Core Cities
2699,Core Cities
2700,Core Cities
2701,Core Cities
2702,Core Cities
2703,Core Cities
2704,Core Cities
2705,Core Cities
2706,Core Cities
2707,Core Cities
2708,Core Cities
2709,Core Cities
2710,Core Cities
2711,Core Cities
2712,HCT Communities
2713,HCT Communities
2714,HCT Communities
2715,HCT Communities
2716,Core Cities
2717,Core Cities
2718,Core Cities
2719,Core Cities
2720,Core Cities
2721,Core Cities
2722,Core Cities
2723,Core Cities
2724,Core Cities
2725,Core Cities
2726,Core Cities
2727,Core Cities
2728,Core Cities
2729,Core Cities
2730,Core Cities
2731,Core Cities
2732,Urban Unincorporated
2733,HCT Communities
2734,HCT Communities
2735,HCT Communities
2736,Urban Unincorporated
2737,Urban Unincorporated
2738,Cities and Towns
2739,Cities and Towns
2740,Core Cities
2741,Core Cities
2742,Core Cities
2743,Core Cities
2744,Cities and Towns
2745,Cities and Towns
2746,Cities and Towns
2747,Cities and Towns
2748,Core Cities
2749,Core Cities
2750,Core Cities
2751,Core Cities
2752,Core Cities
2753,Rural
2754,Core Cities
2755,Core Cities
2756,Core Cities
2757,Core Cities
2758,Core Cities
2759,Core Cities
2760,Core Cities
2761,Core Cities
2762,Core Cities
2763,Core Cities
2764,Core Cities
2765,Core Cities
2766,Core Cities
2767,Core Cities
2768,Core Cities
2769,Core Cities
2770,Core Cities
2771,Core Cities
2772,Core Cities
2773,Core Cities
2774,Core Cities
2775,Core Cities
2776,Core Cities
2777,Core Cities
2778,Core Cities
2779,Core Cities
2780,Core Cities
2781,Core Cities
2782,Core Cities
2783,Core Cities
2784,Core Cities
2785,Core Cities
2786,Core Cities
2787,Core Cities
2788,Core Cities
2789,Core Cities
2790,Core Cities
2791,Core Cities
2792,Core Cities
2793,Core Cities
2794,Core Cities
2795,Core Cities
2796,Core Cities
2797,Core Cities
2798,Core Cities
2799,Core Cities
2800,Core Cities
2801,Core Cities
2802,Core Cities
2803,Rural
2804,Core Cities
2805,Core Cities
2806,Core Cities
2807,Core Cities
2808,Core Cities
2809,Core Cities
2810,Core Cities
2811,Core Cities
2812,Core Cities
2813,Core Cities
2814,Core Cities
2815,Cities and Towns
2816,Cities and Towns
2817,Rural
2818,Cities and Towns
2819,Cities and Towns
2820,Cities and Towns
2821,Core Cities
2822,Core Cities
2823,Core Cities
2824,Core Cities
2825,Core Cities
2826,Core Cities
2827,Core Cities
2828,Core Cities
2829,Core Cities
2830,Core Cities
2831,Core Cities
2832,Core Cities
2833,Core Cities
2834,Core Cities
2835,Core Cities
2836,Core Cities
2837,Core Cities
2838,Core Cities
2839,Core Cities
2840,Core Cities
2841,Core Cities
2842,Core Cities
2843,Core Cities
2844,Core Cities
2845,Core Cities
2846,Core Cities
2847,Core Cities
2848,Core Cities
2849,Core Cities
2850,Core Cities
2851,Core Cities
2852,Core Cities
2853,Core Cities
2854,Core Cities
2855,Core Cities
2856,Rural
2857,Rural
2858,Rural
2859,Rural
2860,Rural
2861,Rural
2862,Rural
2863,Rural
2864,Rural
2865,Rural
2866,Rural
2867,Rural
2868,Core Cities
2869,Rural
2870,HCT Communities
2871,HCT Communities
2872,Core Cities
2873,Core Cities
2874,Core Cities
2875,Core Cities
2876,Core Cities
2877,Core Cities
2878,Core Cities
2879,Core Cities
2880,Core Cities
2881,Core Cities
2882,Core Cities
2883,Core Cities
2884,Core Cities
2885,Core Cities
2886,Core Cities
2887,Core Cities
2888,Core Cities
2889,Core Cities
2890,Core Cities
2891,Core Cities
2892,Core Cities
2893,Core Cities
2894,HCT Communities
2895,HCT Communities
2896,HCT Communities
2897,HCT Communities
2898,HCT Communities
2899,Rural
2900,Rural
2901,Rural
2902,Rural
2903,Rural
2904,Rural
2905,Rural
2906,Rural
2907,Rural
2908,Rural
2909,HCT Communities
2910,HCT Communities
2911,HCT Communities
2912,HCT Communities
2913,Core Cities
2914,HCT Communities
2915,HCT Communities
2916,Core Cities
2917,HCT Communities
2918,Core Cities
2919,Core Cities
2920,Core Cities
2921,Core Cities
2922,Core Cities
2923,Core Cities
2924,Core Cities
2925,Core Cities
2926,Core Cities
2927,Core Cities
2928,Core Cities
2929,Core Cities
2930,Core Cities
2931,Core Cities
2932,Core Cities
2933,Core Cities
2934,Core Cities
2935,Core Cities
2936,Core Cities
2937,Core Cities
2938,Core Cities
2939,Core Cities
2940,Core Cities
2941,Core Cities
2942,Core Cities
2943,Core Cities
2944,Core Cities
2945,HCT Communities
2946,Core Cities
2947,Core Cities
2948,Rural
2949,HCT Communities
2950,Core Cities
2951,Core Cities
2952,HCT Communities
2953,HCT Communities
2954,Rural
2955,Rural
2956,Rural
2957,Rural
2958,Rural
2959,Rural
2960,Rural
2961,Rural
2962,Rural
2963,Rural
2964,Rural
2965,Rural
2966,Rural
2967,Rural
2968,Rural
2969,Core Cities
2970,Rural
2971,Rural
2972,Core Cities
2973,Core Cities
2974,Core Cities
2975,Core Cities
2976,Core Cities
2977,Core Cities
2978,Core Cities
2979,Core Cities
2980,Core Cities
2981,Core Cities
2982,Core Cities
2983,Core Cities
2984,Core Cities
2985,Core Cities
2986,Core Cities
2987,Core Cities
2988,Core Cities
2989,Core Cities
2990,Core Cities
2991,Core Cities
2992,Core Cities
2993,Core Cities
2994,Core Cities
2995,Core Cities
2996,Core Cities
2997,Core Cities
2998,Core Cities
2999,Core Cities
3000,HCT Communities
3001,HCT Communities
3002,Metropolitan Cities
3003,HCT Communities
3004,HCT Communities
3005,HCT Communities
3006,Metropolitan Cities
3007,HCT Communities
3008,HCT Communities
3009,HCT Communities
3010,HCT Communities
3011,HCT Communities
3012,Metropolitan Cities
3013,Metropolitan Cities
3014,Urban Unincorporated
3015,Core Cities
3016,Core Cities
3017,Core Cities
3018,Core Cities
3019,Core Cities
3020,Core Cities
3021,Core Cities
3022,Core Cities
3023,Core Cities
3024,Core Cities
3025,Core Cities
3026,Core Cities
3027,Core Cities
3028,Core Cities
3029,Core Cities
3030,Core Cities
3031,Urban Unincorporated
3032,Core Cities
3033,Metropolitan Cities
3034,Metropolitan Cities
3035,Metropolitan Cities
3036,Metropolitan Cities
3037,Metropolitan Cities
3038,Metropolitan Cities
3039,Metropolitan Cities
3040,Metropolitan Cities
3041,Metropolitan Cities
3042,Metropolitan Cities
3043,Metropolitan Cities
3044,Metropolitan Cities
3045,Metropolitan Cities
3046,Metropolitan Cities
3047,Metropolitan Cities
3048,Metropolitan Cities
3049,Metropolitan Cities
3050,Metropolitan Cities
3051,Metropolitan Cities
3052,Metropolitan Cities
3053,Metropolitan Cities
3054,Metropolitan Cities
3055,Metropolitan Cities
3056,Metropolitan Cities
3057,Metropolitan Cities
3058,Metropolitan Cities
3059,Metropolitan Cities
3060,Metropolitan Cities
3061,Metropolitan Cities
3062,HCT Communities
3063,HCT Communities
3064,HCT Communities
3065,HCT Communities
3066,HCT Communities
3067,HCT Communities
3068,HCT Communities
3069,HCT Communities
3070,HCT Communities
3071,HCT Communities
3072,HCT Communities
3073,HCT Communities
3074,HCT Communities
3075,HCT Communities
3076,HCT Communities
3077,HCT Communities
3078,HCT Communities
3079,HCT Communities
3080,HCT Communities
3081,Metropolitan Cities
3082,Metropolitan Cities
3083,Metropolitan Cities
3084,Metropolitan Cities
3085,Metropolitan Cities
3086,Metropolitan Cities
3087,Metropolitan Cities
3088,Metropolitan Cities
3089,Metropolitan Cities
3090,Metropolitan Cities
3091,Metropolitan Cities
3092,Metropolitan Cities
3093,Metropolitan Cities
3094,Metropolitan Cities
3095,Metropolitan Cities
3096,Metropolitan Cities
3097,Metropolitan Cities
3098,Metropolitan Cities
3099,Metropolitan Cities
3100,Core Cities
3101,Metropolitan Cities
3102,Metropolitan Cities
3103,Metropolitan Cities
3104,Metropolitan Cities
3105,Metropolitan Cities
3106,Metropolitan Cities
3107,Metropolitan Cities
3108,Metropolitan Cities
3109,Metropolitan Cities
3110,Metropolitan Cities
3111,Metropolitan Cities
3112,Metropolitan Cities
3113,Metropolitan Cities
3114,Metropolitan Cities
3115,Metropolitan Cities
3116,Metropolitan Cities
3117,Metropolitan Cities
3118,Metropolitan Cities
3119,Metropolitan Cities
3120,Metropolitan Cities
3121,Metropolitan Cities
3122,Metropolitan Cities
3123,Cities and Towns
3124,Cities and Towns
3125,Metropolitan Cities
3126,Metropolitan Cities
3127,Metropolitan Cities
3128,Metropolitan Cities
3129,Metropolitan Cities
3130,Metropolitan Cities
3131,Metropolitan Cities
3132,Metropolitan Cities
3133,Metropolitan Cities
3134,Metropolitan Cities
3135,Metropolitan Cities
3136,Metropolitan Cities
3137,Metropolitan Cities
3138,Metropolitan Cities
3139,Metropolitan Cities
3140,Metropolitan Cities
3141,Metropolitan Cities
3142,Metropolitan Cities
3143,Metropolitan Cities
3144,Metropolitan Cities
3145,Metropolitan Cities
3146,Metropolitan Cities
3147,Metropolitan Cities
3148,Metropolitan Cities
3149,Metropolitan Cities
3150,Metropolitan Cities
3151,Metropolitan Cities
3152,Metropolitan Cities
3153,Metropolitan Cities
3154,Metropolitan Cities
3155,Metropolitan Cities
3156,Core Cities
3157,Metropolitan Cities
3158,Metropolitan Cities
3159,Metropolitan Cities
3160,Metropolitan Cities
3161,Core Cities
3162,Metropolitan Cities
3163,Metropolitan Cities
3164,Metropolitan Cities
3165,Metropolitan Cities
3166,Metropolitan Cities
3167,Metropolitan Cities
3168,Metropolitan Cities
3169,Metropolitan Cities
3170,Metropolitan Cities
3171,Metropolitan Cities
3172,Metropolitan Cities
3173,Metropolitan Cities
3174,Cities and Towns
3175,Metropolitan Cities
3176,Cities and Towns
3177,Cities and Towns
3178,Cities and Towns
3179,Cities and Towns
3180,Cities and Towns
3181,Cities and Towns
3182,Cities and Towns
3183,Cities and Towns
3184,Metropolitan Cities
3185,Core Cities
3186,Metropolitan Cities
3187,Metropolitan Cities
3188,Metropolitan Cities
3189,Metropolitan Cities
3190,Metropolitan Cities
3191,Metropolitan Cities
3192,Metropolitan Cities
3193,Metropolitan Cities
3194,Core Cities
3195,Core Cities
3196,Metropolitan Cities
3197,Core Cities
3198,Core Cities
3199,Core Cities
3200,Metropolitan Cities
3201,Metropolitan Cities
3202,Core Cities
3203,Core Cities
3204,Core Cities
3205,Core Cities
3206,Core Cities
3207,Core Cities
3208,Core Cities
3209,Core Cities
3210,Metropolitan Cities
3211,Metropolitan Cities
3212,Core Cities
3213,Core Cities
3214,Core Cities
3215,Core Cities
3216,Core Cities
3217,Core Cities
3218,Core Cities
3219,Core Cities
3220,Core Cities
3221,Core Cities
3222,Core Cities
3223,Core Cities
3224,Core Cities
3225,Core Cities
3226,Core Cities
3227,Core Cities
3228,Core Cities
3229,Core Cities
3230,Core Cities
3231,Core Cities
3232,Core Cities
3233,Core Cities
3234,Core Cities
3235,Core Cities
3236,Core Cities
3237,Core Cities
3238,Core Cities
3239,Rural
3240,Core Cities
3241,Core Cities
3242,Core Cities
3243,Core Cities
3244,Core Cities
3245,Core Cities
3246,Core Cities
3247,Cities and Towns
3248,Urban Unincorporated
3249,Rural
3250,Core Cities
3251,HCT Communities
3252,HCT Communities
3253,Core Cities
3254,Core Cities
3255,Cities and Towns
3256,Rural
3257,Rural
3258,Rural
3259,Core Cities
3260,Core Cities
3261,Core Cities
3262,HCT Communities
3263,HCT Communities
3264,HCT Communities
3265,HCT Communities
3266,HCT Communities
3267,HCT Communities
3268,HCT Communities
3269,HCT Communities
3270,HCT Communities
3271,HCT Communities
3272,HCT Communities
3273,HCT Communities
3274,HCT Communities
3275,HCT Communities
3276,HCT Communities
3277,HCT Communities
3278,HCT Communities
3279,HCT Communities
3280,HCT Communities
3281,HCT Communities
3282,Rural
3283,Rural
3284,Rural
3285,Cities and Towns
3286,Rural
3287,Rural
3288,Rural
3289,Cities and Towns
3290,Rural
3291,Rural
3292,Rural
3293,Rural
3294,Rural
3295,Rural
3296,Rural
3297,Rural
3298,Rural
3299,Rural
3300,Cities and Towns
3301,Rural
3302,Rural
3303,Rural
3304,Rural
3305,Rural
3306,Rural
3307,Rural
3308,Rural
3309,Urban Unincorporated
3310,Cities and Towns
3311,Cities and Towns
3312,Cities and Towns
3313,Cities and Towns
3314,Cities and Towns
3315,Cities and Towns
3316,Cities and Towns
3317,Rural
3318,Cities and Towns
3319,Cities and Towns
3320,Rural
3321,Rural
3322,Rural
3323,Rural
3324,Rural
3325,Rural
3326,Rural
3327,Rural
3328,Rural
3329,Cities and Towns
3330,Cities and Towns
3331,Cities and Towns
3332,Cities and Towns
3333,Cities and Towns
3334,Cities and Towns
3335,Cities and Towns
3336,Cities and Towns
3337,Cities and Towns
3338,Cities and Towns
3339,Cities and Towns
3340,Cities and Towns
3341,Cities and Towns
3342,Cities and Towns
3343,Cities and Towns
3344,Cities and Towns
3345,Cities and Towns
3346,Core Cities
3347,Core Cities
3348,Core Cities
3349,Cities and Towns
3350,Cities and Towns
3351,Core Cities
3352,Core Cities
3353,Cities and Towns
3354,Core Cities
3355,Rural
3356,Rural
3357,Rural
3358,Cities and Towns
3359,Rural
3360,Cities and Towns
3361,Cities and Towns
3362,Cities and Towns
3363,Rural
3364,Cities and Towns
3365,Cities and Towns
3366,Cities and Towns
3367,Cities and Towns
3368,Cities and Towns
3369,Rural
3370,Rural
3371,Rural
3372,Rural
3373,Rural
3374,Rural
3375,Rural
3376,Rural
3377,Rural
3378,Rural
3379,Rural
3380,Rural
3381,Rural
3382,Cities and Towns
3383,Rural
3384,Cities and Towns
3385,Cities and Towns
3386,Cities and Towns
3387,Cities and Towns
3388,Cities and Towns
3389,Cities and Towns
3390,Cities and Towns
3391,Cities and Towns
3392,Cities and Towns
3393,Rural
3394,Rural
3395,Rural
3396,Rural
3397,Rural
3398,Cities and Towns
3399,Cities and Towns
3400,Cities and Towns
3401,Cities and Towns
3402,Cities and Towns
3403,Cities and Towns
3404,Rural
3405,Urban Unincorporated
3406,Rural
3407,Rural
3408,Rural
3409,Rural
3410,Cities and Towns
3411,Rural
3412,Rural
3413,Rural
3414,Rural
3415,Rural
3416,Rural
3417,Rural
3418,Rural
3419,Rural
3420,Rural
3421,Cities and Towns
3422,Cities and Towns
3423,Rural
3424,Rural
3425,Rural
3426,Rural
3427,Rural
3428,Rural
3429,Rural
3430,Rural
3431,Rural
3432,Rural
3433,Rural
3434,Rural
3435,Rural
3436,Core Cities
3437,Rural
3438,Rural
3439,Rural
3440,Rural
3441,Rural
3442,Rural
3443,Cities and Towns
3444,Cities and Towns
3445,Rural
3446,Cities and Towns
3447,Cities and Towns
3448,Rural
3449,Rural
3450,Rural
3451,Rural
3452,Rural
3453,Rural
3454,Cities and Towns
3455,Cities and Towns
3456,Cities and Towns
3457,Rural
3458,Rural
3459,Rural
3460,Rural
3461,Rural
3462,Rural
3463,Rural
3464,Rural
3465,Rural
3466,Rural
3467,Rural
3468,Rural
3469,Rural
3470,Rural
3471,Rural
3472,Rural
3473,Rural
3474,Cities and Towns
3475,Rural
3476,Rural
3477,Rural
3478,HCT Communities
3479,Rural
3480,Rural
3481,Rural
3482,Rural
3483,Rural
3484,Rural
3485,Rural
3486,HCT Communities
3487,Cities and Towns
3488,Rural
3489,HCT Communities
3490,HCT Communities
3491,Rural
3492,Rural
3493,Rural
3494,HCT Communities
3495,HCT Communities
3496,HCT Communities
3497,Rural
3498,HCT Communities
3499,Rural
3500,Cities and Towns
3501,Rural
3502,Rural
3503,Rural
3504,Rural
3505,Cities and Towns
3506,Rural
3507,Metropolitan Cities
3508,Metropolitan Cities
3509,Metropolitan Cities
3510,Metropolitan Cities
3511,Metropolitan Cities
3512,Metropolitan Cities
3513,HCT Communities
3514,Metropolitan Cities
3515,Metropolitan Cities
3516,Metropolitan Cities
3517,Metropolitan Cities
3518,Metropolitan Cities
3519,Metropolitan Cities
3520,Rural
3521,Rural
3522,Urban Unincorporated
3523,Urban Unincorporated
3524,Cities and Towns
3525,Rural
3526,Rural
3527,Cities and Towns
3528,Rural
3529,Rural
3530,Cities and Towns
3531,Rural
3532,Cities and Towns
3533,Cities and Towns
3534,Rural
3535,Rural
3536,Rural
3537,HCT Communities
3538,HCT Communities
3539,Metropolitan Cities
3540,Metropolitan Cities
3541,Metropolitan Cities
3542,Metropolitan Cities
3543,Urban Unincorporated
3544,HCT Communities
3545,HCT Communities
3546,HCT Communities
3547,Metropolitan Cities
3548,HCT Communities
3549,HCT Communities
3550,HCT Communities
3551,HCT Communities
3552,Urban Unincorporated
3553,Rural
3554,Rural
3555,Urban Unincorporated
3556,Rural
3557,HCT Communities
3558,HCT Communities
3559,HCT Communities
3560,HCT Communities
3561,HCT Communities
3562,Urban Unincorporated
3563,HCT Communities
3564,Urban Unincorporated
3565,Core Cities
3566,Core Cities
3567,Core Cities
3568,Core Cities
3569,Core Cities
3570,Core Cities
3571,HCT Communities
3572,HCT Communities
3573,HCT Communities
3574,HCT Communities
3575,Rural
3576,Rural
3577,Rural
3578,Rural
3579,Rural
3580,Rural
3581,HCT Communities
3582,Core Cities
3583,HCT Communities
3584,HCT Communities
3585,Core Cities
3586,Core Cities
3587,HCT Communities
3588,Cities and Towns
3589,Core Cities
3590,Core Cities
3591,HCT Communities
3592,Urban Unincorporated
3593,HCT Communities
3594,Cities and Towns
3595,HCT Communities
3596,HCT Communities
3597,HCT Communities
3598,Cities and Towns
3599,HCT Communities
3600,Core Cities
3601,Rural
3602,Rural
3603,Rural
3604,Rural
3605,HCT Communities
3606,HCT Communities
3607,Rural
3608,HCT Communities
3609,Rural
3610,Rural
3611,HCT Communities
3612,Rural
3613,Rural
3614,Rural
3615,Core Cities
3616,Core Cities
3617,Rural
3618,Core Cities
3619,Core Cities
3620,Core Cities
3621,HCT Communities
3622,Rural
3623,HCT Communities
3624,Core Cities
3625,Core Cities
3626,Rural
3627,Rural
3628,Rural
3629,Rural
3630,Rural
3631,Rural
3632,Rural
3633,Urban Unincorporated
3634,HCT Communities
3635,Metropolitan Cities
3636,Urban Unincorporated
3637,Urban Unincorporated
3638,Metropolitan Cities
3639,Metropolitan Cities
3640,Metropolitan Cities
3641,Metropolitan Cities
3642,Metropolitan Cities
3643,Metropolitan Cities
3644,Metropolitan Cities
3645,Metropolitan Cities
3646,Urban Unincorporated
3647,Rural
3648,Rural
3649,Rural
3650,Rural
3651,Rural
3652,Rural
3653,Rural
3654,Rural
3655,Urban Unincorporated
3656,Urban Unincorporated
3657,Urban Unincorporated
3658,Urban Unincorporated
3659,HCT Communities
3660,HCT Communities
3661,HCT Communities
3662,HCT Communities
3663,HCT Communities
3664,HCT Communities
3665,Metropolitan Cities
3666,Rural
3667,Rural
3668,HCT Communities
3669,HCT Communities
3670,HCT Communities
3671,Urban Unincorporated
3672,Urban Unincorporated
3673,Urban Unincorporated
3674,Rural
3675,Rural
3676,Rural
3677,Rural
3678,Urban Unincorporated
3679,Urban Unincorporated
3680,Rural
3681,Rural
3682,Rural
3683,HCT Communities
3684,Rural
3685,Rural
3686,Rural
3687,Rural
3688,Rural
3689,Rural
3690,Rural
3691,Rural
3692,Rural
3693,Rural
3694,Rural
3695,Rural
3696,HCT Communities
3697,HCT Communities
3698,HCT Communities
3699,HCT Communities
3700,HCT Communities
